file,artist,title,lyrics,mood,year
TRAAAAW128F429D538.h5,Casual,I Didn't Mean To,,sad,1994
TRAAAEF128F4273421.h5,Adam Ant,Something Girls,,happy,1982
TRAAAFD128F92F423A.h5,Gob,Face the Ashes,,sad,2007
TRAABJV128F1460C49.h5,Lionel Richie,Tonight Will Be Alright,,happy,1986
TRAABLR128F423B7E3.h5,Blue Rodeo,Floating,,sad,1987
TRAABVM128F92CA9DC.h5,Tesla,Caught In A Dream,,happy,2004
TRAACER128F4290F96.h5,The Dillinger Escape Plan,Setting Fire to Sleeping Giants,,happy,2004
TRAACFV128F935E50B.h5,SUE THOMPSON,James (Hold The Ladder Steady),,happy,1985
TRAACHN128F1489601.h5,Five Bolt Main,Made Like This (Live),,sad,2006
TRAACNS128F14A2DF5.h5,Willie Bobo,Spanish Grease,,sad,1997
TRAACQT128F9331780.h5,John Wesley,The Emperor Falls,,sad,1998
TRAACTB12903CAAF15.h5,Billie Jo Spears,It Makes No Difference Now,,sad,1992
TRAADLN128F14832E9.h5,The Rolling Stones,Angie (1993 Digital Remaster),,sad,1973
TRAADNA128F9331246.h5,Stevie Ray Vaughan,Crossfire,,happy,1992
TRAADQX128F422B4CF.h5,Casiotone For The Painfully Alone,Nashville Parthenon,,sad,2006
TRAADYB128F92D7E73.h5,Eliane Elias,The More I See You,,sad,2009
TRAADYI128E078FB38.h5,Lost Boyz,Certain Things We Do,,happy,1997
TRAAEAM128F934B199.h5,The Germs,Forming,,sad,1977
TRAAEEH128E0795DFE.h5,Chris Rea,Driving Home For Christmas,,happy,1986
TRAAEUB12903CDD3EA.h5,The Berzerker,Deform (live),,sad,2000
TRAAEWG128F930B3A4.h5,Kings Of Leon,Wicker Chair,,sad,2003
TRAAFJW128F428A424.h5,NOFX,Stickin In My Eye,,happy,1992
TRAAFYL128E07856A7.h5,Van Halen,Panama (Remastered Album Version),,happy,1984
TRAAGCZ128F93210FD.h5,Black Eyed Peas,Let's Get It Started,,happy,2004
TRAAGEC128E079252C.h5,Nine Inch Nails,Metal,,sad,2000
TRAAGGE128F9325E2C.h5,Nick Cave & The Bad Seeds,She Fell Away (2009 Digital Remaster),,sad,1986
TRAAGJV128F1464090.h5,Lesley Gore,It's My Party,,happy,1963
TRAAGPF12903CE027E.h5,Slim Whitman,Indian Love Call,,sad,1990
TRAAGPH128F4273C8D.h5,Savage Garden,You Can Still Be Free,,sad,1999
TRAAGPJ128F428CD1B.h5,Queens Of The Stone Age,I Never Came,,sad,2005
TRAAGVF128E0789785.h5,Inspiral Carpets,Commercial Reign,,sad,1990
TRAAHEG128E07861C3.h5,Redman,WKYA (drop),,happy,2001
TRAAHZP12903CA25F4.h5,Organized Konfusion,Hate,,sad,1997
TRAAIAE128F42AC53D.h5,Martina McBride,I Can't Stop Loving You,,sad,2005
TRAAIAX128F930531B.h5,Nazz,How Can You Call That Beautiful (Stewkey Vocal),,happy,1971
TRAAIDY128F92CA454.h5,Hot Tuna,Candy Man,,sad,1971
TRAAIHL128F92E6DDA.h5,Boyz II Men,On Bended Knee,,sad,1994
TRAAIII128F427D5D8.h5,Donny Hathaway,Little Girl (LP Version),,happy,1971
TRAAIYR12903CD290D.h5,Wolfmother,White Feather,,happy,2009
TRAAJEK128F422F55A.h5,Jupiter Rising,They Say (Album),,happy,2007
TRAAJJA12903CC518A.h5,Saafir,Crawl Before You Ball (Album Version),,sad,1999
TRAAJJG128F4284B27.h5,The Verve Pipe,Medicate Myself,,sad,2001
TRAAJYX128F4255568.h5,Maxi Priest,Groovin' In The Midnight,,happy,1991
TRAAKAS128F4246013.h5,Porcupine Tree,Waiting,,sad,1997
TRAAKDF128F92FA302.h5,Foo Fighters,Hell,,sad,2005
TRAAKNS12903CC5198.h5,Robben Ford,I Got Over It (Album Version),,happy,1988
TRAAKVZ12903D074BB.h5,Britt Nicole,Hanging On (Medium Key Performance Track Without Background Vocals),,happy,2009
TRAALZC128F92E11A6.h5,Dolly Parton,Letter To Heaven,,sad,1971
TRAAMES128F42AF068.h5,Pearl Jam,Inside Job,,happy,2006
TRAAMFG128F92FDEA2.h5,Natalie Cole,Take A Look  (LP Version),,sad,1993
TRAAMJY128F92F5919.h5,DJ Quik,Born and Raised In Compton,,happy,1991
TRAAMKI128F428537A.h5,Hank Locklin,We're Gonna Go Fishin',,happy,1962
TRAANBH128F9345A6C.h5,Diesel Boy,Cooler Than You,,happy,1998
TRAANLO128F422AE37.h5,Cradle Of Filth,Summer Dying Fast,,sad,1994
TRAAOIN128F9303790.h5,Test Icicles,Snowball,,sad,2005
TRAAOJI128F1458DCD.h5,Heaven 17,(We Don't Need This) Fascist Groove Thang,,sad,1981
TRAAPFQ128F42684DB.h5,Dimmu Borgir,Master Of Disharmony,,sad,1996
TRAAPSQ12903CAE86A.h5,Sex Pistols,God Save the Queen (Live),,happy,1988
TRAAPVV128F425D64C.h5,Chris Brown,Forever,,happy,2008
TRAAQBF12903CF796B.h5,Hem,Have Yourself A Merry Little Christmas,,happy,2005
TRAAQCK128F92E8C33.h5,Lily Allen,U Killed It,,sad,2006
TRAARHS128F931689D.h5,The Killers,Spaceman,,sad,2008
TRAASFP128F42980BD.h5,Orbital,Illuminate,,happy,2001
TRAASKQ128F4265E04.h5,Rage Against The Machine,Kick Out The Jams,,happy,2000
TRAASQC128F93480F0.h5,Rise Against,Amber Changing,,happy,2003
TRAASUZ128F9314950.h5,Korn,Hey Daddy,,sad,1999
TRAASZE128F93499AE.h5,Agnes,I Need You Now,,sad,2009
TRAATGM12903C9CD7C.h5,Tantric,Walk Away,,happy,2009
TRAATIU128F4291A84.h5,Mastodon,Shadows That Move,,sad,2001
TRAATNJ128F42631BA.h5,Korn,Ever Be,,sad,2007
TRAATPA128F146753C.h5,Extreme,Teacher's Pet,,happy,1958
TRAATWQ12903CC5BA8.h5,Prozak,Go To Hell,,sad,2004
TRAAUEO128E0780CB9.h5,Placebo,English Summer Rain,,sad,2003
TRAAUMJ128F933BDB6.h5,LORE,Haunting,,sad,2008
TRAAUMN128F4273561.h5,Soul Asylum,Lies Of Hate,,sad,1998
TRAAVIT128F92E657C.h5,Nightwish,Escapist,,happy,2007
TRAAVOU128F422F292.h5,Silverstein,Always And Never (Album Version),,sad,2005
TRAAWDK128F92E2A17.h5,The Notorious B.I.G.,Who Shot Ya (Amended Album Version),,sad,2007
TRAAWOR128F92DF3C8.h5,Sandi Thom,Wounded Hearts,,happy,2008
TRAAXUY128F426BA55.h5,Gene Clark,Set You Free This Time,,sad,1998
TRAAYGH128F92ECD16.h5,The Shirelles,Will You Love Me Tomorrow,,happy,1960
TRAAYPN128F9340DDF.h5,Panic At The Disco,Northern Downpour (Album Version),,sad,2008
TRAAYRA128F92E9CC7.h5,Jan Howard,Bad Seed,,happy,1966
TRAAZBD128F427A97D.h5,Sticky Fingaz,Oh My God,,sad,2000
TRAAZGC12903CB5DFB.h5,The Jeff Healey Band,Hoochie Coochie Man,,happy,1989
TRAAZIE128F427961E.h5,Danny Wilson,The Second Summer Of Love,,happy,1989
TRAAZQW128F93430DC.h5,Shawn Colvin,Another Long One,,sad,1989
TRABAFJ128F42AF24E.h5,Backstreet Boys,Larger Than Life,,happy,1999
TRABAZH128F930419A.h5,Glad,Blessed Assurance,,happy,1993
TRABBOP128F931B50D.h5,Tom Petty,A Higher Place (Album Version),,sad,1994
TRABBXU128F92FEF48.h5,Mitch Ryder,Jenny Take a Ride,,happy,2004
TRABCKL128F423A778.h5,Lupe Fiasco,Streets On Fire (Explicit Album Version),,sad,2007
TRABCUQ128E0783E2B.h5,Gwen Stefani,Harajuku Girls,,happy,2004
TRABDSK128F42443F1.h5,Story Of The Year,Swallow The Knife (Live) (Segue),,sad,2005
TRABDTV128E0791839.h5,Natural Elements,Mayday,,sad,1998
TRABDZC128F42AC23F.h5,Neil Sedaka,Because Of You,,happy,1999
TRABEBP12903C9BA03.h5,A Static Lullaby,Rattlesnake!,,sad,2008
TRABEKF128F42765FF.h5,Nights Like These,Ghost Town Rituals (Album Version),,sad,2006
TRABEMC128F148EF2D.h5,Oasis,Morning Glory,,happy,1995
TRABFGJ12903CF6A75.h5,Eddy Arnold,Just A Little Lovin' (Will Go A Long Way),,happy,1967
TRABFKN12903CAF61B.h5,All Time Low,Shameless,,happy,2007
TRABFZX128F4241355.h5,Daath,From The Blind (LP Version),,sad,2006
TRABGHG128F934B27E.h5,UFO,Chains Chains (Live In Hammersmith),,sad,1981
TRABHCE128F426361B.h5,VHS Or Beta,The Melting Moon (Edit),,happy,2004
TRABHVL128F92EFB0E.h5,Bullet For My Valentine,Suffocating Under Words Of Sorrow (What Can I Do),,sad,2005
TRABIJJ128F426A1C1.h5,Beatnuts,Monster For Music,,sad,1999
TRABIQP128F427D0DD.h5,Rise Against,Everchanging,,sad,2001
TRABIZY128F933C696.h5,Pursuit Of Happiness,Forbidden Fruit,,sad,1975
TRABJIX128C7196953.h5,Amy Winehouse,Stronger Than Me,,happy,2003
TRABJVT128F14AE4B4.h5,Michael Card,Joy In The Journey (The Final Word Album Version),,happy,1992
TRABKBS128F42823EC.h5,A Static Lullaby,God Bless You (Goddamn it),,sad,2005
TRABKJU128F422A7FE.h5,Scar Symmetry,The Illusionist,,happy,2006
TRABLGI128F42B867A.h5,Eighteen Visions,Our Darkest Days,,sad,2006
TRABLLK128F428FFAF.h5,George Harrison,Hear Me Lord (2001 Digital Remaster),,sad,1970
TRABLMN128E0792687.h5,Weezer,Don't Let Go,,happy,2001
TRABLQE128F92E5E75.h5,Jackson United,Undertow,,happy,2008
TRABLTP128F930DC6D.h5,Creedence Clearwater Revived,Have You Ever Seen The Rain,,happy,1971
TRABMZZ128F4249C60.h5,Hatebreed,As Diehard As They Come (Album Version),,sad,2006
TRABNDD128F933D3C7.h5,Sister Hazel,Walls And Cannonballs (Album),,happy,2010
TRABNEX128F92C9DEA.h5,Kings Of Leon,Knocked Up,,sad,2007
TRABNIQ128F4261298.h5,Brooke Valentine,Taste Of Dis (Explicit Version),,happy,2005
TRABOOL128F426E836.h5,Mary Black,Turning Away,,happy,1999
TRABOXX128F92F29EB.h5,Owl City,Panda Bear,,happy,2007
TRABPCM128F1473A75.h5,The Rascals,Nubia (LP Version),,happy,1969
TRABQZK128F92F54F4.h5,Shakira,Pienso En Ti,,sad,1995
TRABRMJ128E0780E42.h5,Blink-182,A New Hope,,happy,1997
TRABSAR128F42324A8.h5,Abysmal Dawn,Compulsory Resurrection,,sad,2008
TRABSEN128F424AA36.h5,Chaotica,Lobotomy,,sad,1999
TRABSUT128F429C161.h5,Neil Innes,Lie Down And Be Counted (2007 Digital Remaster),,sad,1974
TRABSXW128F4233422.h5,Siouxsie,Into A Swan,,happy,2007
TRABTXS128F92E2FDC.h5,Zeromancer,Ammonite,,sad,2009
TRABUAQ128F4258028.h5,Two Man Advantage,The Sweep,,happy,2001
TRABUCZ128F424163A.h5,Green Day,Wake Me Up When September Ends (Live at Foxboro_ MA 9/3/05),,sad,2005
TRABUDK128F14943F3.h5,Donny Hathaway,This Christmas (LP Version),,happy,1970
TRABUJF128F933ABF7.h5,Architecture In Helsinki,Heart it Races (Frank Tetaz Remix),,happy,2007
TRABUMO12903CBE25F.h5,Alice In Chains,Lesson Learned,,sad,2009
TRABUSZ128F4257BAB.h5,Ini Kamoze,Here Comes The Hotstepper,,happy,1995
TRABUYT128F93069C8.h5,Baroness,The Sweetest Curse,,sad,2009
TRABVIU128E0780DA0.h5,Placebo,Slave To The Wage,,sad,2000
TRABVIZ128F42BA066.h5,Metallica,Hit The Lights,,happy,1982
TRABVWG128F9359323.h5,Mötley Crüe,Get It For Free,,happy,1999
TRABWPT128F42B06CC.h5,Keb' Mo',Still There For Me,,happy,2006
TRABXPR128F92F27FE.h5,Cauterize,Shooting Stars,,sad,2003
TRABYAR128F931B1A4.h5,Robben Ford,Something For The Pain,,sad,2002
TRABYEY128F933773A.h5,Anti-Flag,This Is NOT a Crass Song,,happy,1999
TRABYOS12903CC4A81.h5,Rickie Lee Jones,Skeletons (Live Acoustic Version),,sad,1981
TRABZCL128E0789AED.h5,Shelby Lynne,Old Times Sake,,sad,2005
TRABZOP128F9316E24.h5,Franz Ferdinand,Eleanor Put Your Boots On,,happy,2005
TRABZRZ128F42628AD.h5,James Taylor,Steamroller Blues,,happy,1970
TRACABS128E0786B0B.h5,BigElf,Falling Bombs,,sad,2003
TRACAKD128F92D5D38.h5,Kelly Clarkson,My Life Would Suck Without You,,happy,2009
TRACAXP128F14A2127.h5,The Exies,Creeper Kamikaze,,happy,2003
TRACBOR128F422CFE4.h5,Buzzcocks,Strange Thing,,happy,1980
TRACBWP128C7196948.h5,3 Doors Down,It's Not Me,,sad,2003
TRACBWQ128F92F2B91.h5,Ma Rainey,Ma Rainey's Black Bottom,,happy,1927
TRACBWX128F92FD725.h5,Zombie Girl,I Want It,,sad,2006
TRACCKS128F42B77AE.h5,Bone Thugs-N-Harmony,Murder One,,sad,2000
TRACCVZ128F4291A8A.h5,Mastodon,Deep Sea Creature,,sad,2001
TRACECN128F9310E97.h5,Radiohead,Subterranean Homesick Alien,,sad,1997
TRACEDP128F145F7BB.h5,Dave Hollister,Tell Me Why,,sad,2006
TRACFAP128E07862C1.h5,DMX,Damien,,happy,1998
TRACFHZ128F4227BA4.h5,Jewel,Serve The Ego (Hani Num Dub),,happy,2002
TRACFOJ128F4253EFA.h5,Nick Cave & The Bad Seeds,Still In Love,,sad,2003
TRACFOV128F9340D81.h5,Bury Your Dead,Closed Eyes,,sad,2009
TRACFYQ128E0784150.h5,G-Unit,Poppin' Them Thangs,,sad,2003
TRACFZI128E0795424.h5,Saosin,Bury Your Head,,sad,2005
TRACHFO12903CB3009.h5,Warren Barfield,Shadow,,happy,2006
TRACHHH128E0788A35.h5,Dilated Peoples,Big Business,,sad,2004
TRACHKX128F934B07A.h5,Fever Ray,I'm Not Done,,happy,2009
TRACJKR12903D02C75.h5,Johnny Cash,I Got Stripes (Live),,happy,2006
TRACJPW128F932CA4C.h5,Autumnblaze,Her Golden Robe In Silence Veiled,,sad,1999
TRACJWY12903CB7DBF.h5,Kris Kristofferson,Same Old Song,,happy,1974
TRACKAK128F1458461.h5,Gary Moore,Rockin' Every Night (Live),,happy,2005
TRACKAP128F425B741.h5,Christina Aguilera,Walk Away,,sad,2002
TRACLRS12903CE9386.h5,Tammy Wynette,Stand By Your Man,,sad,1968
TRACLRV128EF33FAB8.h5,Whitesnake,Young Blood (2007 Digital Remaster),,happy,1982
TRACMHD128F931FB14.h5,Ensiferum,Hero In A Dream,,happy,1999
TRACMMG128F146D705.h5,Red Hot Chili Peppers,Get On Top (Album Version),,sad,1999
TRACNAS128F14567C6.h5,Tom Petty And The Heartbreakers,Mary Jane's Last Dance,,happy,1993
TRACNJR128F4262E27.h5,John Hammond,Come To Find Out,,happy,2005
TRACNXU12903C9CDFF.h5,Sweet,Airheads,,happy,2002
TRACOHQ128F424C5EF.h5,Chimaira,The Flame,,sad,2007
TRACPZH128F9311764.h5,Snow Patrol,Chocolate,,sad,2003
TRACQFK128F14658B3.h5,Sex Pistols,New York (Dave Goodman Demo Version) (Explicit),,happy,1977
TRACQIS128F92CBED8.h5,Michael Jackson,HISTORY,,sad,1995
TRACRTS128F9300F7E.h5,Bad Brains,Destroy Babylon,,sad,1983
TRACRVJ128F14661D6.h5,Raze,Follow Your Dreams (The Plan Album Version),,happy,2000
TRACSBL128F42480E8.h5,The Presets,Yippiyo-Ay,,happy,2008
TRACSIE128F427F98E.h5,Jennifer Lopez,Talk About Us,,sad,1999
TRACTBH128F422F31B.h5,Silverstein,FRIENDS IN FALL RIVER  (LP Version),,happy,2006
TRACTIE128F92E473B.h5,Alice In Chains,Brother,,happy,1992
TRACTLX128F42A51F6.h5,Matisyahu,Exaltation,,happy,2004
TRACTQD128F14B0F9D.h5,Donny Hathaway,I Love You More Than You'll Ever Know (LP Version),,happy,1990
TRACTUH128F92C93A3.h5,Eddie Money,Two Tickets To Paradise,,happy,1977
TRACTWW12903CB7550.h5,Cracker,Shake Some Action,,happy,1995
TRACUCQ128F92FFBF7.h5,Sade,Smooth Operator,,happy,1983
TRACUDB128F932030C.h5,Kenny Price,Biloxi,,happy,1970
TRACUEE128F427EA05.h5,3 Doors Down,Sarah Yellin',,sad,2002
TRACUXJ128E0785F2B.h5,The Rapture,Killing,,sad,2003
TRACVFF12903CF055A.h5,Dinosaur Jr,On The Brink,,sad,1994
TRACVSS128E07846A7.h5,Snow Patrol,Half The Fun,,sad,2004
TRACWCV128F429D196.h5,The Box Tops,Neon Rainbow,,happy,1967
TRACWFA128F4265BDF.h5,Ultimate Fakebook,Brokÿn Nëedle,,happy,2000
TRACWYD128F1465B4A.h5,Darwin Hobbs,You Are God (Broken Album Version),,happy,2003
TRACXGH128F931686C.h5,Tommy James & The Shondells,Crimson And Clover,,happy,1969
TRACYCJ128F9309246.h5,Britney Spears,Don't Go Knockin' On My Door,,happy,2000
TRACYDP128F932BC8E.h5,Skeletonwitch,Sacrifice for the Slaughtergod,,sad,2007
TRACYMH12903CA01DF.h5,Kix,Cold Blood (LP Version),,happy,1988
TRACYPF128F9338DE0.h5,Maximilian Hecker,Full Of Voices,,sad,2005
TRACYXW128F4297569.h5,Whitesnake,Fool For Your Loving,,sad,1980
TRACZDR128F14599BC.h5,Semisonic,If I Run,,happy,1993
TRACZJA128F429E665.h5,Novaspace,Guardian Angel,,sad,2002
TRADACR12903CD10C1.h5,Colin James,Sending A Message,,happy,2003
TRADAOM128F4263A78.h5,John Mayer,Something's Missing,,sad,2003
TRADAXK12903CD05F2.h5,Dropline,Weight Of The World (Album Version),,sad,2010
TRADAYS12903CDBE0F.h5,Furry Lewis,Judge Boushay Blues,,sad,1972
TRADAZP12903D0A480.h5,Cancer Bats,Sabotage,,sad,2010
TRADBUP128EF354F6C.h5,DJ Quik,Pacific Coast Remix,,happy,2006
TRADCHC128F42134B5.h5,Blackalicious,Rock the Spot,,happy,1999
TRADDBK128F1483FF8.h5,R.E.M.,So. Central Rain (2006 Digital Remaster),,sad,1984
TRADDCV128F423BAB0.h5,King Diamond,The Portrait (Live) (Reissue) (Album Version),,sad,1987
TRADDRF128F145869F.h5,Simple Minds,Careful In Career,,sad,1981
TRADDXS12903CEDB38.h5,Rihanna,Don't Stop The Music,,happy,2007
TRADEAI12903C9B81C.h5,Dokken,Disease,,sad,2008
TRADESF128F4214D8E.h5,Guns N' Roses,Mama Kin,,happy,1986
TRADFAQ128F428AC13.h5,Skrape,Searching For Home,,sad,2003
TRADFCO12903CA9439.h5,Céline Dion,The Reason I Go On,,happy,2007
TRADFID128F4267231.h5,Silverchair,Cicada,,happy,1995
TRADFII128F931FC9F.h5,Metallica,The End Of The Line,,happy,2008
TRADFQK128F422B492.h5,Casiotone For The Painfully Alone,Rice Dream Girl,,sad,1999
TRADFXD128F424694C.h5,Mando Diao,Misty Mountains,,happy,2007
TRADFXO128F92F5B3D.h5,Donnie McClurkin,All I Ever Really Wanted,,happy,2003
TRADGXJ128E078FB3A.h5,Lost Boyz,Get Your Hustle On,,sad,1997
TRADHLD128F4241363.h5,Daath,Above Lucium (LP Version),,sad,2006
TRADHLI128F428FEFD.h5,Suicidal Tendencies,Human Guinea Pig,,sad,1987
TRADHPE128F429FE9C.h5,Jennifer Brown,Naked,,happy,1998
TRADHXU12903CB4400.h5,Pepper,Freeze,,happy,2008
TRADJAO128F146D76E.h5,Red Hot Chili Peppers,Naked In The Rain (Album Version),,happy,1991
TRADJGI128F148B0F6.h5,Jonny Lang,The One I Got,,happy,2003
TRADJHU128F425459F.h5,Novembre,Triesteitaliana,,sad,2007
TRADJJZ128F9341B40.h5,Donna The Buffalo,Tides Of Time,,happy,1999
TRADJSM128F14894AA.h5,Little Feat,Down On The Farm (2006 Remastered Edit Version),,happy,2006
TRADKAX128E0786B92.h5,Death From Above 1979,Romantic Rights,,happy,2004
TRADKDX128F9320676.h5,Foo Fighters,If Ever,,happy,2007
TRADKEU12903CF1540.h5,Eyehategod,Left To Starve,,sad,1992
TRADKLT128F9304E1D.h5,The Antlers,Stairs To the Attic,,happy,2007
TRADMFK12903CC2478.h5,Open Hand,The Ambush,,sad,2004
TRADMUH128F146D3CD.h5,Kanye West,Through The Wire,,happy,2003
TRADNGD128E0780F88.h5,Lloyd Banks,South Side Story,,sad,2004
TRADNJI128F14555DB.h5,Sister Hazel,Space Between Us (Album Version),,happy,1994
TRADNRG128F4295A0E.h5,Kris Kristofferson,Darby's Castle,,sad,1970
TRADNRU128F428AC6D.h5,Bad Religion,Doing Time (Album Version),,sad,1982
TRADNZM128F9300DF3.h5,Shawn Colvin,Sunny Came Home,,sad,1996
TRADODV128F4283EB6.h5,Mobb Deep,Got It Twisted,,sad,2004
TRADOWO12903CD9BA2.h5,Marty Robbins,Have Thine Own Way Lord,,happy,1907
TRADOZB128F42312BB.h5,Cool For August,Don't Wanna Be Here (Album Version),,sad,1997
TRADPDI128F92EBD32.h5,Monster Magnet,CNN War Theme,,sad,2004
TRADPIA128E078EE1B.h5,Nirvana,Heart-Shaped Box,,sad,1993
TRADPPX128E078B0BC.h5,Randy Travis,Down At The Old Corral (Album Version),,happy,1993
TRADQAR128F92ED3DC.h5,The Black Crowes,Nonfiction,,happy,1994
TRADQAW128F4274A4F.h5,G-Unit,Money Make The World Go Around,,sad,2008
TRADQBK128F92E8B5F.h5,Mat Kearney,Never Be Ready,,happy,2009
TRADQHV128F92CD663.h5,Julie Roberts,Unlove Me,,sad,2004
TRADQJL128F92D9957.h5,The Presets,If I Know You,,sad,2008
TRADRED12903CA4B7C.h5,Irma Thomas,River Is Waiting,,happy,2008
TRADRJK128E078F041.h5,The Cardigans,Iron Man,,sad,1996
TRADRXC128F4230BE8.h5,Connie Francis,Embraceable You (LP Version from 'When The Boys Meet The Girls'),,happy,1965
TRADSQZ128F42707D7.h5,Silverchair,Suicidal Dream,,sad,1995
TRADSUA128C7196C7C.h5,U2,New York,,sad,2000
TRADTOV12903CA9E74.h5,Shakira,Did It Again (featuring Kid Cudi),,sad,2009
TRADTXQ128F9331913.h5,Erik Hassle,Don't Bring Flowers,,sad,2009
TRADUKH128F4256D1B.h5,Soul Embraced,Someday (Immune Album Version),,sad,2003
TRADUZS12903CE95D6.h5,Nick Cave & The Bad Seeds,The Hammer Song (2010 Digital Remaster),,sad,1986
TRADVGV128F42BCACE.h5,Avril Lavigne,Innocence,,happy,2007
TRADVKA128F93242C9.h5,Chimaira,Severed (demo) (Album Version),,sad,2001
TRADVNR12903CE5A54.h5,Bumblefoot,Abnormal (Acoustic),,sad,2008
TRADVSU128E0786371.h5,Hem,Redwing,,happy,2004
TRADWOB12903C9D1EB.h5,Coven,Coven In Charing Cross,,sad,1969
TRADXCF128EF357134.h5,Snow Patrol,Shut Your Eyes,,happy,2006
TRADXMA128F4276D94.h5,Dead Prez,Be Healthy,,happy,2000
TRADYFD12903CE4161.h5,Black Flag,Jealous Again,,sad,1980
TRADYQK128F42A762A.h5,Muse,Stockholm Syndrome,,sad,2006
TRADYYK128F145FE74.h5,The Velvet Underground,I Heard Her Call My Name,,happy,1968
TRADZQV128F14A5760.h5,Little Eva,The Loco-Motion,,happy,1962
TRADZWK128F9303076.h5,Simple Minds,Chelsea Girl (Live),,happy,2004
TRADZXK128F429DB92.h5,The Killers,Show You How,,sad,2004
TRAEARU128E0781A02.h5,David Bowie,Space Oddity (1997 Digital Remaster),,happy,1969
TRAEASY128F148247C.h5,Charlotte Gainsbourg,Tel Que Tu Es,,sad,2006
TRAEATL128F42690A7.h5,Aerosmith,Lord Of The Thighs,,happy,1974
TRAEBSY128E07873C0.h5,Del Tha Funkee Homosapien,Mistadobalina,,happy,1991
TRAEBXE128F933B4F5.h5,Rihanna,Good Girl Gone Bad,,happy,2007
TRAECBR128F429F8C0.h5,Britney Spears,Everytime,,sad,2003
TRAECVW128E078884D.h5,Rise Against,State Of The Union,,sad,2004
TRAECWI128F4226133.h5,Helmet,Your Head,,sad,1995
TRAEDXO128F421B908.h5,Shaman,For Tomorrow (live),,happy,2003
TRAEDYD128F425A868.h5,K-OS,Clap Ur Handz,,happy,2004
TRAEEMP128F92F4B9C.h5,Delbert McClinton,Lose Your Money,,happy,2000
TRAEFON128E078C6F8.h5,MC5,Miss X (LP Version),,happy,1971
TRAEFQG128F429F74E.h5,Washboard Sam,Bucket's Got A Hole In It,,happy,1994
TRAEFUS12903CC2779.h5,Tammy Wynette,Welcome To My World (Live),,happy,2000
TRAEFWP128F4238373.h5,Fun Lovin' Criminals,We Have All The Time In The World (Live),,happy,1996
TRAEGBE128F4284973.h5,OutKast,Happy Valentine's Day,,happy,2003
TRAEGGV128F92F29B2.h5,Warrant,Cherry Pie,,happy,1990
TRAEGMO128F146D5F6.h5,Righteous Brothers,See That Girl,,sad,1965
TRAEGUL128E078B0C1.h5,Randy Travis,Wind In The Wire (Album Version),,sad,1993
TRAEHBW12903CE1045.h5,Tonic,Where Do I Fit,,sad,2010
TRAEHYF128F148AE0C.h5,Dave Hollister,Bad When U Broke,,sad,2010
TRAEKCV128E0781A5B.h5,Thomas Dolby,One Of Our Submarines,,sad,1982
TRAELXD128F14A8B21.h5,Randy Travis,On The Other Hand (Remastered Album Version),,sad,1986
TRAEMNZ128F9334662.h5,Aerosmith,Angel,,sad,1987
TRAEMZO12903CC525F.h5,Michael McDonald,Love Can Break Your Heart (LP Version),,sad,1990
TRAENGX12903CBDFF6.h5,The Pineapple Thief,Snowdrops,,sad,2006
TRAENGY128F4272846.h5,Buddy Jewell,Sweet Southern Comfort,,happy,2003
TRAENUU128F424F50C.h5,House Of Lords,Rock Bottom,,happy,2006
TRAENVO128E0781A16.h5,Fun Lovin' Criminals,Love Unlimited (Explicit),,happy,1998
TRAENYD128F424AA32.h5,Chaotica,Turbocharger,,sad,2000
TRAEOBA12903CAFAB0.h5,Placebo,Hardly Wait,,sad,2009
TRAEOFD128F9311409.h5,Kraftwerk,Computer Love (2009 Digital Remaster),,sad,2007
TRAEOGO128F93302B9.h5,FFH,Great Big Problem,,sad,2005
TRAEOMS128F4262357.h5,NOFX,My Heart Is Yearning,,happy,1994
TRAEOOH128F934ACD4.h5,GWAR,Let's Blame The Lightman,,happy,1997
TRAEOUE128F93187B9.h5,Sick Puppies,Master Of The Universe,,sad,2009
TRAEPAW128F4285BAB.h5,Geggy Tah,Gina,,happy,1996
TRAEPGQ128F932AE6D.h5,Loretta Lynn,I Can't Feel You Anymore,,happy,1994
TRAEPPP128F92F11E8.h5,Mista,I'll Sweat You (LP Version),,happy,1996
TRAEQOS128F92EFD47.h5,The Fray,Vienna,,sad,2002
TRAEQQE128F42920E3.h5,Skeeter Davis,He Says The Same Things To Me,,sad,1963
TRAEQZR128F92E9D73.h5,Skeeter Davis,Foggy Mountain Top,,happy,1963
TRAEROB12903CE3E7D.h5,Pepper,Stormtrooper (Live),,sad,2009
TRAERPT128F931103E.h5,The Rolling Stones,Time Is On My Side,,happy,1964
TRAERQB128F932563F.h5,Twila Paris,We Will Glorify (Key-B-Db-Premiere Performance Plus),,happy,1991
TRAERST128F4266F90.h5,Bob Carlisle,Man Of No Reputation,,sad,1994
TRAESJK128E0792227.h5,Eminem,Ricky Ticky Toc,,sad,2004
TRAESQE128F92D0349.h5,Barry Manilow,Come Monday,,happy,2001
TRAESWB128F149CB2C.h5,Dexys Midnight Runners,Until I Believe In My Soul,,happy,1982
TRAETTV12903CBBD09.h5,Jimi Hendrix,Voodoo Chile Blues,,sad,1994
TRAETWP128F421AD6A.h5,Tommy Castro,Sho' Enough,,happy,1996
TRAEUGG128E07826F2.h5,William Orbit,The Monkey King,,sad,1993
TRAEUHN128F92E2C7F.h5,Point Of Grace,Amazing (LP Version),,happy,1998
TRAEUIW12903D018F0.h5,Jack Johnson,You And Your Heart,,sad,2010
TRAEVHU128F92D9EA0.h5,Blue October,My Never,,sad,2009
TRAEVIA12903CC3C37.h5,X,Motel Room In My Bed (LP Version),,happy,1982
TRAEVIK12903CCC7E2.h5,Jimi Hendrix,Fire,,happy,1969
TRAEVRI128F93608F3.h5,Phil Collins,Welcome,,happy,2003
TRAEVRU128F4263351.h5,Teena Marie,Light,,sad,1984
TRAEVTK128F9337030.h5,Mindless Self Indulgence,Never Wanted to Dance (Live In London),,happy,2008
TRAEWKQ128F427C3EC.h5,Jim Bryson,Somewhere Else,,sad,2003
TRAEWLF128F42B1F89.h5,Information Society,More to This,,sad,2007
TRAEWVG128F428AC7F.h5,Foo Fighters,X-Static,,sad,1995
TRAEWXY128E0786183.h5,U2,Vertigo,,happy,2004
TRAEXEA128F933C67D.h5,Pursuit Of Happiness,Hard To Laugh,,happy,1988
TRAEXHW128F92E2602.h5,Gym Class Heroes,New Friend Request (Amended Version),,sad,2006
TRAEXTM128E07811E1.h5,Frankee,Gotta Man,,happy,2004
TRAEXYP128F4231193.h5,Operator,Soulcrusher (Amended Album Version),,sad,2007
TRAEYHF128F14B06D0.h5,The Stooges,T.V. Eye (Take 3),,happy,1999
TRAEZLQ128F427F954.h5,Snow Patrol,Chasing Cars,,sad,2006
TRAFAAS12903CF0BE2.h5,Moonspell,Tired,,sad,1999
TRAFAID128F4243DAF.h5,Heaven 17,Resurrection Man,,happy,1996
TRAFAQY12903CA70F7.h5,The Suicide Machines,Your Silence,,sad,2003
TRAFBML128F93163FB.h5,Vaselines,Teenage Superstars (Album),,sad,1992
TRAFDFD128F14B07AB.h5,THE COOKIES,Chains (LP Version),,happy,1962
TRAFDRG128F42797B6.h5,Alice In Chains,Sickman,,sad,1992
TRAFEPC128F4237505.h5,Seal,Prayer For The Dying (Album Version),,sad,1994
TRAFIHK12903CBDFF1.h5,The Pineapple Thief,Boxing Day,,happy,2006
TRAFJRD128F4288F65.h5,Ziggy Marley And The Melody Makers,What's True,,happy,1988
TRAFJYB128F9311212.h5,Static-X,Love Dump (Clean Album Version),,sad,1999
TRAFMDA128F4224347.h5,Sleepy John Estes,Street Car Blues,,sad,1930
TRAFRKU128F933CE16.h5,The Black Crowes,Girl From A Pawnshop,,sad,1996
TRAFSGL128F42ADA3E.h5,Foo Fighters,Razor,,sad,2005
TRAFTDN128F427C29D.h5,Hot Chip,Hold On,,sad,2008
TRAFTRY128F9329C26.h5,Mudhoney,It Is Us,,happy,2006
TRAFXEY128F148AECD.h5,Latif,Luv In the First,,happy,2003
TRAFXHL128F148D175.h5,Rickie Lee Jones,Love Is Gonna Bring Us Back Alive,,happy,1989
TRAGAGQ128E0781352.h5,The Stranglers,It Only Takes Two To Tango,,happy,1981
TRAGAVB128F932585E.h5,Babe Ruth,Dancer (2007 Digital Remaster),,happy,1975
TRAGBOR128F92E1064.h5,Emperor,With Strength I Burn,,sad,1997
TRAGCXQ128F426BDD9.h5,Uriah Heep,Wake The Sleeper,,sad,2008
TRAGDCN128F92F9050.h5,Margaret Becker,Start The Fire,,happy,1989
TRAGDFG128F42934A0.h5,Sugarbomb,Gone,,happy,2001
TRAGDPS128F145F8EE.h5,Paloalto,Seed,,sad,2003
TRAGEAS128F4258B9E.h5,Margaret Becker,Stay Close To Me,,happy,1990
TRAGEVS128F145FEAD.h5,April Wine,Say Hello,,happy,1979
TRAGFDW128F933A421.h5,Al Denson,Love Is Taking Hold,,happy,1971
TRAGFIS128F14947B0.h5,Whitesnake,Love Ain't No Stranger (2003 Digital Remaster),,happy,2003
TRAGFQG128F42418D5.h5,Twista,The Day After (featuring Syleena Johnson) (Explicit Chopped & Screwed Version),,sad,2005
TRAGHBP128E0793AF7.h5,The Police,Wrapped Around Your Finger,,sad,1983
TRAGJQL128E078E840.h5,Shania Twain,Raining On Our Love,,sad,1995
TRAGKMU128F429757E.h5,The High Strung,The Luck You Got,,happy,2005
TRAGKTN128F933C68B.h5,Pursuit Of Happiness,Down On Him,,sad,1988
TRAGLSU128F145FFB2.h5,K-OS,Heaven Only Knows,,sad,2002
TRAGLUU12903D024F2.h5,Dave Hollister,I'm Wrong,,sad,2006
TRAGNUI128F1471068.h5,Whitesnake,Don't Mess With Me (2006 Digital Remaster),,happy,1978
TRAGNXF128F933A80E.h5,Mirah,Apples in the Trees (Live),,happy,2001
TRAGNYU128F42246AC.h5,Dee Clark,Just Keep It Up,,happy,1990
TRAGOEA128F1456EAA.h5,Tom Cochrane,Revelations:  Visions In A Dream,,sad,2004
TRAGPAF128EF34542A.h5,From Autumn To Ashes,Sensory Deprivation Adventure,,sad,2007
TRAGPEA128F422B47E.h5,Casiotone For The Painfully Alone,Dying Batteries,,sad,2001
TRAGQBY128F42635B7.h5,James Taylor,One More Go Round,,happy,1991
TRAGQVO128F145C0AF.h5,Gang Starr,Say Your Prayers,,sad,1991
TRAGTXE128F4229231.h5,Hurricane,I'm On To You,,happy,1988
TRAGUNG128F92F67B3.h5,Wayne Watson,Somebody Sing,,happy,2002
TRAGVKL128F427E896.h5,Pearl Jam,4/20/02,,sad,1993
TRAGVMH128F14ADF05.h5,Petra,Don't Let Your Heart Be Hardened (This Means War Album Version),,happy,1987
TRAGWKV128F92C316A.h5,Avril Lavigne,How Does It Feel,,sad,2004
TRAGXBL128F149EBA2.h5,Crabby Appleton,Go Back,,sad,1970
TRAGYBS128F4227AD5.h5,Lil Boosie,I Remember (amended album version),,sad,2006
TRAGYLX128F427C5EC.h5,Wilshire,When,,sad,2003
TRAGYXL128F92F9FCB.h5,Cowboy Mouth,Disconnected,,happy,2003
TRAHBXB128F42797AE.h5,Alice In Chains,I Know Somethin (Bout You),,sad,1990
TRAHCTH128F9330B4A.h5,Amoral,The Last Round,,sad,2004
TRAHCVT128F4282806.h5,L.A. Guns,Magdalaine,,happy,1989
TRAHGVP128F934B26C.h5,UFO,Out In The Street (Live In Cleveland_ Ohio),,happy,1975
TRAHKMS128F934B09E.h5,Lizzy Borden,There Will Be Blood Tonight,,sad,2000
TRAHLQF12903CDB530.h5,BigElf,Superstar,,happy,2008
TRAHMIV128F14693DC.h5,Mike And The Mechanics,Nobody's Perfect,,happy,1988
TRAHNMN128F932DA8E.h5,Atari Teenage Riot,Destroy 2000 Years Of Culture,,sad,1997
TRAHOSP128F4260E9B.h5,Jeff Beck Group,Jody,,happy,1971
TRAHOSZ12903CA58F1.h5,Katie Armiger,Love Without Fear,,happy,2007
TRAHPUC128F92D1EC3.h5,Hot Tuna,Death Don't Have No Mercy,,happy,1970
TRAHQHC128F42A77D8.h5,Bob Wills,Bubbles in My Beer,,happy,1991
TRAHRIG12903CC4871.h5,Fat Joe,Prove Something (explicit album version),,sad,2002
TRAHRRS128F4282F7A.h5,Blue Rodeo,Mystic River,,happy,2007
TRAHTIM128F1475DBA.h5,Ice Cube,Why We Thugs (edited version),,sad,2006
TRAHTZN128F421A41F.h5,Radney Foster,Again,,sad,2002
TRAHULA128F92CC05F.h5,Simon & Garfunkel,Old Friends,,sad,1968
TRAHWBP12903CAEBFC.h5,Dark Fortress,Evenfall,,sad,2010
TRAHWNG128F932AFB7.h5,Ayo,Down On My Knees,,sad,2006
TRAHXEG128F428F1EC.h5,Mindy McCready,Be With Me,,happy,2002
TRAHXMC128F4267B70.h5,BT,Knowledge Of Self (Evol Intent Remix),,sad,2004
TRAHXWI128F428B7DA.h5,Geggy Tah,Special Someone,,happy,2001
TRAHYDH128F9325200.h5,Bumblefoot,Piranha,,happy,2008
TRAHYMJ128E0787801.h5,Red Hot Chili Peppers,Venice Queen (Album Version),,happy,2002
TRAHZHD128F1462C2D.h5,Peter Tosh,Soon Come (2002 Digital Remaster),,happy,1978
TRAHZIL12903CF1DC2.h5,Blind Willie Johnson,If I Had My Way I'd Tear This Building Down,,happy,1996
TRAIAUB12903CDFB3D.h5,Bob Marley,Small Axe,,happy,1999
TRAIBXJ128F4260700.h5,A Tribe Called Quest,Scenario,,happy,1991
TRAICIO12903CBD65B.h5,Epidemic,Catalyst (LP Version),,sad,2002
TRAICJQ12903CF2681.h5,Dark Fortress,Ghastly Indoctrination,,sad,2006
TRAIDGE128F4260E9F.h5,Jeff Beck Group,Ice Cream Cakes,,happy,1972
TRAIELD128F92DC682.h5,Kings Of Leon,Genius,,happy,2003
TRAIHFF128EF351817.h5,Michael Jackson,Just A Little Bit Of You,,happy,1975
TRAIIRA128F931140A.h5,Kraftwerk,Pocket Calculator (2009 Digital Remaster),,happy,2009
TRAIJLI128F92FC94A.h5,Stevie Ray Vaughan And Double Trouble,Mary Had A Little Lamb,,happy,1988
TRAIJMG12903D08168.h5,L7,This Ain't Pleasure,,sad,1992
TRAIKAW128E0785000.h5,Moments In Grace,Broken Promises (album version),,sad,2004
TRAIKBB128F428AD73.h5,Connie Smith,I'll Come Running,,happy,2001
TRAILFA128EF349FE5.h5,Nine Inch Nails,Survivalism,,sad,2007
TRAIPAB128F42626AE.h5,Suicidal Tendencies,Two-Sided Politics,,sad,1987
TRAIPST128F9302AE9.h5,Eminem,Beautiful,,happy,2009
TRAISYO128E07888A6.h5,Mariah Carey,Mine Again,,sad,2005
TRAISYU128F427F486.h5,Frankie J,Gone,,sad,2005
TRAIVMM12903CFAD62.h5,Bob Marley,Lively Up Yourself,,happy,1991
TRAIVNL128F422CFE2.h5,Buzzcocks,Get On Our Own,,happy,1978
TRAIVZI128F42642DE.h5,Backstreet Boys,Shape Of My Heart,,happy,2000
TRAIWZZ128F9306AFF.h5,Korn,Proud,,sad,1996
TRAIXQL128F1467D66.h5,Devo,Soo Bawlz,,happy,1979
TRAIYDL128E0791583.h5,Rihanna,Music Of The Sun,,happy,2005
TRAIZQI128F42A51F9.h5,Matisyahu,Refuge,,sad,2004
TRAIZWI128F4247EFD.h5,Ashton Shepherd,Old Memory,,sad,2008
TRAJBGL128F145C7A8.h5,Tom Cochrane,Washed Away,,happy,1992
TRAJCBF128F931B8BF.h5,Gov't Mule,Broke Down On The Brazos (Album),,happy,2009
TRAJCHY128EF349619.h5,Sir Douglas Quintet,She's About A Mover,,happy,1999
TRAJCIR128F146ABA7.h5,Michelle Tumes,Christe Eleison (Christ Have Mercy) (Center Of My Universe Album Version),,sad,2000
TRAJDGB128F42882AC.h5,OutKast,Call Of Da Wild,,sad,1994
TRAJDHN128F92C2EEF.h5,Michael Jackson,Dirty Diana,,happy,1987
TRAJEZT128E0795DF3.h5,Rea_ Chris,E,,sad,1999
TRAJKMI128F4281107.h5,Baby D,Let Me Be Your Fantasy,,happy,2002
TRAJLOR128F428CCC9.h5,Patti Smith,Wing,,sad,1996
TRAJMEL128F4262B4A.h5,The Fabulous Thunderbirds,Why Get Up,,sad,1986
TRAJNYU128E07856A5.h5,Van Halen,Can't Stop Lovin' You (Remastered Album Version),,happy,1995
TRAJOPN128F423BEC3.h5,Wolfmother,Dimension,,happy,2004
TRAJOWK128F4263735.h5,Suicidal Tendencies,It's Going Down,,sad,1992
TRAJPPX128F4259FD4.h5,Adam Ant,Friend Or Foe,,happy,1982
TRAJPUF128E0784808.h5,Rainbow,Can't Happen Here,,sad,1981
TRAJRTY128F426CF1F.h5,Kathy Mattea,The Southern Soldier Boy,,sad,1991
TRAJSKN128F92F9046.h5,White Heart,Edge Of The Dream (Emergency Broadcast Album Version),,happy,2000
TRAJSNU128F92F2AC0.h5,Chuck Wicks,If We Loved,,sad,2008
TRAJVHI128F930EFAF.h5,Beyoncé,Ring The Alarm,,sad,2006
TRAJXNB128F4261F43.h5,Steve Vai,Brother,,sad,1996
TRAJZCH128F933D2B7.h5,Mighty Mighty Bosstones,Patricia,,happy,1989
TRAJZIS128F4288E43.h5,Michael Jackson,We're Almost There,,happy,1975
TRAJZYI128F424B412.h5,45 Grave,Party Time,,happy,1989
TRAKARY128F427253E.h5,The Ataris,The Hero Dies in This One,,sad,2003
TRAKBYP128F42385F0.h5,Fall Out Boy,Dance_ Dance,,happy,2008
TRAKGTS128EF35CBD5.h5,White Heart,Hold On,,happy,1982
TRAKHYP128E0792F07.h5,Patty Griffin,Moses,,sad,1996
TRAKJOW128F1489DE4.h5,The Doors,Strange Days ( LP Version ),,sad,1967
TRAKJYQ128F934B22E.h5,40 Grit,A Part Of Me,,sad,2003
TRAKMGY128F4269E37.h5,Johnny Horton,Got The Bull By The Horns,,happy,1996
TRAKMXB12903CC67B2.h5,Britt Nicole,Don't Worry Now (Performance Track In Key Of Db Without Background Vocals),,sad,2007
TRAKOBG128F9344340.h5,Carl Smith,Loose Talk,,happy,1990
TRAKOPE128F421CE6A.h5,Patsy Cline,I Cried All The Way To The Altar,,sad,1995
TRAKOXF128F1477B81.h5,Bad Company,Valerie (LP Version),,happy,1986
TRAKPHP128F42807B0.h5,Incubus,Warning,,sad,2001
TRAKPSR128F146A1DC.h5,Bryan Ferry,Wildcat Days (1999 Digital Remaster),,sad,1994
TRAKQFZ128F429D3C9.h5,Santana,Let It Shine,,happy,1976
TRAKTWZ128EF35E206.h5,Janet Jackson,When I Think Of You,,happy,1986
TRAKUJE128F42AE89C.h5,Chris Brown,So Glad,,happy,2005
TRAKWXS128F930F798.h5,Lollipop Lust Kill,No Answer (Outro),,sad,2002
TRAKXYJ128F42525ED.h5,Agnostic Front,Undertow,,sad,1992
TRAKYHF128F42944ED.h5,Kenny G,Don't Make Me Wait For Love,,sad,1986
TRAKYRW128F425979E.h5,Frederick Knight,I've Been Lonely (For So Long),,sad,2000
TRAKYXS128F4248FE3.h5,Phantom Planet,Leader (Album Version),,happy,2008
TRALCUP128F426247F.h5,Amil,Anyday,,sad,2000
TRALENK128F92F39E9.h5,Circle Jerks,Paid Vacation,,sad,1980
TRALGYO128F934D18D.h5,30 Seconds To Mars,Night of the Hunter (Static Revenger Remix),,sad,2009
TRALHIQ12903D00496.h5,Hatebreed,Boxed In (Subzero),,sad,2009
TRALJBT128F4266FD8.h5,Jennifer Lopez,Play,,happy,2001
TRALKBS128F423BB4C.h5,Twista & The Speedknot Mobstaz,Warm Embrace (LP Version),,happy,2008
TRALLAR128F933C692.h5,Pursuit Of Happiness,No Safe Place,,sad,1990
TRALMTD128E07862AC.h5,Redman,Jam 4 U,,sad,1992
TRALOUF128F422F329.h5,Silverstein,BLEEDS NO MORE (Live Version),,sad,2006
TRALPZN128F4241A2F.h5,Twista,It Feels So Good (Album Version),,happy,1997
TRALQZK128F429802D.h5,Kings Of Leon,Day Old Blues,,sad,2004
TRALSXX128F92F94B0.h5,Sex Pistols,Seventeen,,happy,1977
TRALTKQ128F932DA67.h5,Atari Teenage Riot,Revolution Action,,happy,1999
TRALTTR12903C9E32E.h5,Scott Weiland,The Date ( LP Version ),,sad,1998
TRALTZZ12903CB7DD0.h5,Kris Kristofferson,Killer Barracuda,,sad,1995
TRALUAQ128F427EB26.h5,Bravehearts,Sensations,,happy,2003
TRALUNR128EF3425DE.h5,Jason Mraz,Did You Get My Message?  (Live From Shubas),,sad,2007
TRALWDN128F1456DB7.h5,Lil' Romeo,Don't Want To,,sad,2001
TRALWXA128F4270DF3.h5,Seal,The Beginning (Giro E Giro Mix),,happy,1991
TRALZPL128F423BE6B.h5,Curtis Mayfield,Superfly (Single Mix Version),,sad,2005
TRALZUL128F4236D23.h5,Sugar Ray,Mean Machine (Remastered LP Version),,happy,2005
TRAMBHU128F425A620.h5,Rick Astley,You Move Me,,happy,1987
TRAMCLN128F9302E27.h5,FFH,Why Do I,,happy,2000
TRAMDUW12903CB5100.h5,brokeNCYDE,Schitzo,,sad,2008
TRAMESI128F93509F7.h5,Britt Nicole,Set The World On Fire,,happy,2007
TRAMFJR128F92C1DB1.h5,Toni Braxton,He Wasn't Man Enough,,happy,2000
TRAMGDX12903CEF79F.h5,Van Halen,Panama (Album Version),,happy,2003
TRAMKKJ128F1463612.h5,Burning Spear,Tumble Down,,sad,1991
TRAMLQH12903CA69B2.h5,Mungo Jerry,Alright_ Alright_ Alright,,happy,1990
TRAMMDM128F425EAA9.h5,Wyclef Jean,Heaven's In New York,,happy,2007
TRAMMDO128E0781A5D.h5,Thomas Dolby,Screen Kiss,,happy,1984
TRAMMQW128F42621E1.h5,The Distillers,Oh Serena,,sad,2000
TRAMODP128F426247B.h5,Amil,Get Down,,happy,2000
TRAMSAY128F92ED0DD.h5,It Dies Today,Sixth of June,,sad,2007
TRAMVBZ12903CB2635.h5,Dean Martin,Pennies From Heaven,,sad,1997
TRAMWKK128F9314838.h5,Emperor,In the Wordless Chamber,,sad,2001
TRAMWLL12903D119DA.h5,Uriah Heep,Ghost of the Ocean (Live),,sad,2008
TRANAPL128F147328F.h5,Sasha,Owner Of My Heart (Album Version),,sad,2006
TRANCCN128E0794B18.h5,30 Seconds To Mars,Hunter,,sad,2005
TRANCOH128F422F31D.h5,Silverstein,MY CONSOLATION (LP Version),,sad,2006
TRANCOS128F4267DFB.h5,Mando Diao,All My Senses,,sad,2004
TRANDEK128F4259EBC.h5,The Clash,Lose This Skin,,sad,1980
TRANGYF128E0786C33.h5,Madonna,Bedtime Story (Album Version),,happy,1994
TRANHKC128F9309BF4.h5,The Rolling Stones,Fortune Teller,,happy,1963
TRANIUD12903CCE692.h5,Jah Cure,To Your Arms of Love,,happy,2007
TRANJGM128F427A41B.h5,Nightwish,Sleepwalker,,sad,2000
TRANKIL128F1476FA2.h5,The Police,Voices Inside My Head,,sad,1980
TRANLRX128F4259030.h5,Zeromancer,Mosquito Coil,,sad,2003
TRANLXB128F92FE4F4.h5,Al Denson,Rain Love,,happy,1999
TRANMKA128F426C3B0.h5,Leona Naess,Heavy Like Sunday,,sad,2008
TRANMKF128E07995A8.h5,Phil Collins,Dance Into The Light (LP Version),,happy,1996
TRANMOT128F92EFF19.h5,Kathy Mattea,Standing Knee Deep In a River (Dying Of Thirst),,sad,1992
TRANPRQ128EF348E34.h5,Santana,Persuasion,,happy,1969
TRANPWV128F9341281.h5,Behemoth,He Who Breeds Pestilence,,sad,2009
TRANPXL128F42B8FED.h5,Sylver,Sympathy,,sad,2004
TRANQLL128F92F5263.h5,Shakira,Poem To A Horse,,sad,2001
TRANQYI12903CA2BA9.h5,Taking Dawn,Black Diamond,,sad,2010
TRANRIK128F148C860.h5,Eminem,Paul,,sad,1999
TRANVZT128F42AE134.h5,Dixie Chicks,Lullaby,,happy,2006
TRANYYX128F4276EE3.h5,Wyclef Jean,Something About Mary,,happy,2000
TRANZFP128E07995A9.h5,Phil Collins,That's What You Said  (LP Version),,sad,1996
TRAOATJ128F147FC9B.h5,Phil Collins,I Cannot Believe It's True,,sad,1982
TRAOBQP12903CC4A7B.h5,Rickie Lee Jones,It Must Be Love (Live Acoustic Version),,happy,1984
TRAOCSE128F4282321.h5,No Address,Pretty Girl (Amended Version),,happy,2005
TRAOIYM12903CDEF1E.h5,Rihanna,The Hotness (ft. Shontelle),,happy,2006
TRAOJMY128E07836D9.h5,Helmet,Everybody Loves You,,happy,2004
TRAOJZC128F14932D5.h5,The Cure,Lost,,sad,2004
TRAOKSC128F4264989.h5,K's Choice,A Sound That Only You Can Hear,,happy,1995
TRAOLIX128E0793AFA.h5,The Police,Man In A Suitcase,,happy,1980
TRAOLZJ12903CB4FC7.h5,Oasis,Columbia,,happy,1994
TRAOPAR128F92EFD17.h5,Don Gibson,Who Cares,,happy,1987
TRAOPRI12903C9FC25.h5,Bruce Springsteen,Rosalita (Come Out Tonight),,happy,1973
TRAOURR128F931A9EA.h5,Devo,The 4th Dimension (LP Version),,happy,1984
TRAOXXM128F932FC70.h5,Alicia Keys,Heartburn,,happy,2003
TRAOYFS128F423E593.h5,My Chemical Romance,Interlude (Album Version),,sad,2004
TRAOYQV12903CF8089.h5,Hot Chip,Ready For The Floor (Radio Edit),,happy,2008
TRAOZEJ128F428CCEA.h5,OutKast,Wailin',,sad,1996
TRAPBPP128F92F07BF.h5,Hank Locklin,Send Me The Pillow You Dream On,,happy,1960
TRAPCVT128F428A9D0.h5,Bad Religion,The Lie,,sad,2002
TRAPDCB128F42824A6.h5,Jessica Simpson,Take My Breath Away,,happy,2004
TRAPESV128F92FE5E9.h5,Don Gibson,Blue Blue Day,,happy,1987
TRAPFIP128F42AC31E.h5,Alicia Keys,If I Was Your Woman,,sad,2005
TRAPFXX128E0785EBA.h5,Mariah Carey,Clown,,happy,2002
TRAPGAG128F42ADAF7.h5,Kane,All I Can Do,,sad,2005
TRAPGOC128F932F01A.h5,Aswad,Your Recipe,,happy,1982
TRAPGOZ128F933A945.h5,Jonny Lang,One Person At A Time,,happy,2006
TRAPHAH128F42677A4.h5,Jennifer Lopez,We Gotta Talk,,sad,2001
TRAPHZY128F149579B.h5,Cowboy Mouth,Jenny Says,,sad,1996
TRAPISC128F14671D3.h5,Gang Starr,Mostly Tha Voice (Explicit),,sad,1994
TRAPJPD128F14572B3.h5,Vixen,American Dream,,happy,1988
TRAPLMD128F932FF43.h5,Metallica,Metal Militia,,sad,1982
TRAPMCS128F92E88C5.h5,Johnny Horton,The Woman I Need (Honky Tonk Mind),,happy,2000
TRAPMRV128F92F5F4C.h5,Dixie Chicks,Hole In My Head,,happy,1999
TRAPNDJ128F427AB8A.h5,Janis Joplin,Get It While You Can,,happy,1971
TRAPNII12903CEA4F8.h5,Bad Company,Simple Man,,sad,1976
TRAPNOO128F423660C.h5,King Diamond,Shrine (Reissue) (Album Version),,sad,2003
TRAPNQZ128F145B04E.h5,Jay & The Americans,Let's Lock The Door (And Throw Away The Key),,happy,1990
TRAPOAD128E0788A38.h5,Dilated Peoples,World On Wheels,,sad,2004
TRAPPUN128F429400B.h5,Foo Fighters,Overdrive,,happy,2002
TRAPTOE128F4272000.h5,Akon,Don't Matter,,happy,2006
TRAPUDN128F423B45C.h5,Slipknot,Gently (Album Version),,sad,1996
TRAPVGB128F42725AF.h5,The Ataris,I Won't Spend Another Night Alone,,happy,1999
TRAPXHQ128F9340E67.h5,Chris Brown,I Love U,,happy,2009
TRAPZJQ128F428A022.h5,Dropkick Murphys,Going Strong (Album Version),,happy,2004
TRAPZTV128F92CAA4E.h5,Beyoncé,Single Ladies (Put A Ring On It),,happy,2008
TRAQAIW12903C9B61E.h5,Belle and Sebastian,I Could Be Dreaming,,happy,1996
TRAQDUR128F931B4E9.h5,Tom Petty,Wildflowers (Album Version),,happy,1994
TRAQGMY128F425A2F5.h5,Annie Lennox,A Whiter Shade Of Pale,,happy,1995
TRAQGNV128C7196894.h5,Blink-182,All Of This,,sad,2003
TRAQHAK128F425EDD8.h5,Beyoncé,Ring The Alarm,,happy,2006
TRAQHCG128E07951DA.h5,Mase,Wanna Hurt Mase? (Album Version),,sad,1997
TRAQHOI128F4233163.h5,Dimmu Borgir,The Chosen Legacy,,sad,2007
TRAQICU128F4295BED.h5,Shakira,Donde Estas Corazon,,happy,1997
TRAQNEC128F14ADF01.h5,Petra,Hollow Eyes (Beat The System Album Version),,sad,1985
TRAQOXO128F42636BD.h5,James Taylor,Down In The Hole,,sad,1991
TRAQPHD128F4226E5E.h5,Soulwax,Soul Simplicity,,happy,1996
TRAQPKX128F428146D.h5,Sister Hazel,Come Around (Acoustic),,happy,1994
TRAQRHA128F93001EB.h5,The Strokes,Between Love & Hate,,sad,2003
TRAQRYZ128F4291DCB.h5,Britney Spears,My Prerogative,,sad,2004
TRAQTBF12903CCC1B7.h5,Cockney Rejects,Oi! Oi! Oi!,,happy,1997
TRAQTYT12903D134AC.h5,Billie Jo Spears,What I've Got In Mind,,happy,1976
TRAQUJP128F146082C.h5,UFO,Out In The Street,,happy,1975
TRAQYOC128F9341CDC.h5,Busta Rhymes,Genesis,,sad,2001
TRAQYZO128F930BC98.h5,To My Surprise,Easy or Not (Album Version),,happy,2003
TRARAEG128F42647B2.h5,Bob Dylan,Trying To Get To Heaven,,sad,1997
TRARAIO128E0780FDE.h5,Snow Patrol,Spitting Games,,sad,2003
TRARANL128F1478789.h5,Rise Against,Drones,,sad,2006
TRARBGR128F42264D1.h5,Lesley Gore,It's My Party,,happy,1963
TRARDOK128F9300AB5.h5,Thrice,The Earth Isn't Humming,,sad,2008
TRAREHS128F92F8E13.h5,Snow Patrol,New Sensation,,sad,2009
TRARFKP12903CF5DF1.h5,Salt The Wound,From My Hands,,sad,2009
TRARHCB128F148D1B0.h5,The Misfits,The Haunting,,sad,1997
TRARHFF128F933D378.h5,Dickies,Just Say Yes,,happy,1990
TRARHLY128F42698CA.h5,Audio Adrenaline,Some Kind Of Zombie (Criscoteque Remix),,sad,1997
TRARIIY128F147187D.h5,Kiss,Radar For Love,,happy,1985
TRARIMP128F933D217.h5,Back Door Slam,Heavy On My Mind (Album Version),,sad,2007
TRARMUI128F147162F.h5,The Jam,The Modern World,,sad,1977
TRARMYZ128F426150A.h5,Ann Lee,So deep,,sad,2000
TRAROPS128F92F09A5.h5,Carl Belew,Am I That Easy To Forget,,sad,1959
TRARPCK128F92FEA7F.h5,Grizzly Bear,Little Brother,,sad,2006
TRARPGY128F425D48D.h5,George Jones,Ol' Frank,,sad,1986
TRARPWX128F92CD69C.h5,Julie Roberts,The Chance,,happy,2004
TRARPZT128F932AD66.h5,Natalie Cole,The Gift,,happy,1985
TRARQBS128F4262E62.h5,Teena Marie,Playboy,,happy,1983
TRARRYC128F428CCDA.h5,Amorphis,Misery Path (From the Privilege of Evil),,sad,1992
TRARSKA128F9336A04.h5,Britney Spears,3,,happy,2009
TRARVEY128F9300AC3.h5,Thrice,Red Sky,,sad,2005
TRASBZK128F42692CA.h5,Amorphis,Crimson Wave,,sad,2001
TRASCAU128E078FB37.h5,Lost Boyz,What's Wrong,,sad,1997
TRASDGG128F933EDE2.h5,Anti-Flag,On Independence Day,,sad,2009
TRASFNS128F145247D.h5,Death From Above 1979,Romantic Rights (Jesper Dahlback Remix),,happy,2004
TRASGKM128F42644C5.h5,Helmet,Street Crab,,sad,1994
TRASHYD128F93119EE.h5,3OH!3,CHOKECHAIN (Amended Album Version),,sad,2008
TRASKII128F92FA33E.h5,The Ataris,Whatever Lies Will Help You Rest,,sad,2006
TRASKUE128F1478ECF.h5,Michael Card,Joy In The Journey (The Final Word Album Version),,happy,1994
TRASNRV128F931AE2E.h5,Nine Inch Nails,Sin,,sad,1989
TRASPAS128E078DFB3.h5,Bob Marley & The Wailers,Smile Jamaica,,sad,1992
TRASPCN128F92DE67E.h5,Taking Back Sunday,Catholic Knees (Album Version),,sad,2009
TRASQBA128F427B273.h5,Belphegor,The Sukkubus Lustrate,,sad,2008
TRASRBB128F42AFD5C.h5,Brian Littrell,Wish,,sad,2006
TRASRXK128F9311176.h5,Arctic Monkeys,Fake Tales Of San Francisco,,sad,2004
TRASTOM12903CBE8A6.h5,Seven Mary Three,Hammer & a Stone,,sad,2008
TRASUDV128F42B86FB.h5,Sunscreem,Perfect Motion,,happy,1992
TRASUJK128E0789C12.h5,Coldplay,Speed Of Sound (Live),,sad,2005
TRASVKL128F931652A.h5,Bloc Party,One More Chance,,sad,2009
TRASVNS128E07855BF.h5,George Huff,Have Yourself A Merry Little Christmas (LP Version),,happy,2001
TRASWIV128E0788A84.h5,The Smashing Pumpkins,Real Love,,happy,2000
TRASWPD128F42B4F7B.h5,Rihanna,We Ride,,sad,2006
TRASWQE128F146C987.h5,Oceansize,New Pin (edit),,sad,2005
TRASXYB128F428DFF3.h5,Blackalicious,World Of Vibrations (Album Version),,happy,2005
TRATAIB128F92E81CB.h5,Dishwalla,Moisture,,sad,1995
TRATBGP128F1482545.h5,Happy Mondays,Olive Oil,,sad,1987
TRATCDG128F932B4D2.h5,Aiden,Black Market Hell,,sad,2009
TRATHFM128F148ADD4.h5,Eastmountainsouth,Hard Times,,sad,2003
TRATIGJ128F423B3A0.h5,David Phelps,One King (Album Version),,sad,2007
TRATJXC128F93124CE.h5,Darden Smith,Perfect Moment,,happy,2002
TRATPKE128F1467FE7.h5,VHS Or Beta,You Got Me (The Juan Maclean Dub),,happy,2006
TRATRMT128F4249901.h5,Righteous Brothers,Little Latin Lupe Lu,,happy,1975
TRATRMZ128F42A9AAC.h5,Kane,Rain Down On Me,,happy,2001
TRATTGW128F427A82D.h5,Foals,Red Socks Pugie,,sad,2008
TRATTNI128E0799697.h5,Faith Hill,I Want You (Album Version),,happy,2005
TRATVRH12903C9EE09.h5,Liquid Gang,I Applaud You  (LP Version),,happy,2000
TRATWUD128F9309671.h5,Carolyn Arends,Happy,,happy,1999
TRATZQS128F1467D4B.h5,Devo,Going Under,,sad,1981
TRAUCZX128F149D9AE.h5,Tracy Byrd,Walking To Jerusalem,,happy,1996
TRAUEWN128F932C32C.h5,Casiotone For The Painfully Alone,White Jetta,,sad,2009
TRAUGLZ128F14AE500.h5,Michael Card,Arise_ My Love (Song Of Solomon),,sad,1991
TRAUGTI128F4273726.h5,Rachael Starr,Till There Was You (John Creamer & Stephane K Remix),,sad,2005
TRAUGYG128F428A174.h5,Rancid,Meteor Of War (Album Version),,sad,2000
TRAUIOQ128F92EDC51.h5,Circle Jerks,Question Authority,,sad,1982
TRAUJOU128F9325DE7.h5,Nick Cave & The Bad Seeds,Wings Off Flies (2009 Digital Remaster),,sad,1984
TRAUJVS128F93324DA.h5,The Gathering,Gaya's Dream,,sad,2001
TRAUNPM12903CB7CCC.h5,Jefferson Starship,Fading Lady Light,,happy,1979
TRAUOEY128F421CBD3.h5,Amy Winehouse,Valerie,,sad,2007
TRAUOUZ128E078F8BB.h5,Eazy-E,I'mma Break It Down,,sad,1988
TRAUPWA128F147F2CF.h5,Heaven 17,Come Live With Me (12'' Extended Version) (2006 Digital Remaster),,sad,1983
TRAUREN128F931F5AB.h5,Faron Young,It's Four In The Morning,,sad,1986
TRAURRP128F4261B94.h5,Dixie Chicks,Give It Up Or Let Me Go,,happy,1998
TRAUTXO128F4263C8E.h5,Loretta Lynn,I'd Rather Have Jesus,,sad,1965
TRAUVAQ128F92DC677.h5,Fake Problems,Tabernacle Song,,sad,2009
TRAUVVR128F425A925.h5,Eurythmics,A Little Of You,,sad,1986
TRAUWFN128F1462E09.h5,Yellowcard,One Year_ Six Months,,sad,2003
TRAUWQL128F424696E.h5,Elvenking,Trows Kind,,sad,2006
TRAUZFY128F42BCE57.h5,Jason Michael Carroll,No Good In Goodbye,,sad,2007
TRAUZTR128F9351D2A.h5,Michael Jackson,I Wanna Be Where You Are,,sad,1972
TRAVANT128F92E3F71.h5,Mariah Carey,Someday,,sad,1990
TRAVBAH128F9305DFC.h5,Helmet,Give It,,sad,1992
TRAVBCR128F933AE8E.h5,Dax Riggs,Radiation Blues,,sad,2007
TRAVDDJ128F92EF09C.h5,Creedence Clearwater Revisited,Proud mary,,happy,1998
TRAVDQQ128F421B864.h5,Elvenking,A Fiery Stride (Ltd. Edition Bonus),,happy,2004
TRAVGKM128F92C58B4.h5,Fernando Ortega,Don't Let Me Come Home A Stranger (LP Version),,sad,1997
TRAVGNH128F428CBA9.h5,Amorphis,Into Hiding,,sad,1994
TRAVGZS128F9338603.h5,Tammy Wynette,I Stayed Long Enough,,happy,1968
TRAVJHK128E078370B.h5,LL Cool J,Headsprung,,happy,2004
TRAVKGE128F92E5944.h5,Kris Kristofferson,Snakebit,,sad,1981
TRAVLWL128F424EF6A.h5,The All American Rejects,The Future Has Arrived,,happy,2007
TRAVMFC128F428CDE0.h5,Camp Lo,Sparkle,,sad,1997
TRAVOPU128F9360B7D.h5,Daniel Johnston,High Horse,,sad,2009
TRAVQUU128F92FA4E0.h5,Marc Broussard,Going Home (Album Version),,sad,2008
TRAVRPL128F145E874.h5,Lifer,Breathless,,sad,2001
TRAVRTO128F4280C14.h5,Future Leaders of the World,Spotlight,,sad,2004
TRAVSQE12903CB6879.h5,Zeromancer,The Death Of Romance,,sad,2010
TRAVSVL128F14B12BE.h5,Deftones,Lotion (LP Version),,sad,1997
TRAVSZP128F92C53A0.h5,Jesse Malin,Going Out West,,sad,2004
TRAVWIP128E078FA3D.h5,Naughty By Nature,Family Tree,,sad,2002
TRAVXBL128F42BB389.h5,Michael Jackson,Girl You're So Together,,happy,1984
TRAVXII128F92FCC6D.h5,Stephen Marley,Mind Control,,sad,2005
TRAVYXL128EF34722F.h5,Novembre,Reason,,happy,2006
TRAVZWX128F92EC110.h5,Berlin,Blink Of An Eye (Alternative),,happy,2002
TRAWAHY128F14AA11E.h5,Leon Russell,Out In The Woods,,sad,1976
TRAWBOE128F92F2F46.h5,Pearl Jam,You Are,,sad,2002
TRAWCGS128F934BE2F.h5,Shai Hulud,We Who Finish Last,,sad,2008
TRAWEDC128F14A2EBA.h5,Y&T,Contagious,,happy,1987
TRAWEST128F4242614.h5,Story Of The Year,Meathead (Album Version) (Non-PA),,happy,2005
TRAWFYX12903CA4766.h5,Atomship,Whitfield,,sad,2004
TRAWGYZ128F92C494B.h5,Patti Smith Group,Wave,,sad,1979
TRAWHYL128F42934D4.h5,ATB,Believe In Me (Clubb Mix),,happy,2005
TRAWIJG128F42B502C.h5,Shania Twain,Two Hearts One Love,,happy,1999
TRAWIQY12903CCC64A.h5,Evanescence,Missing (Live in Europe),,sad,2003
TRAWJBE12903C9EB05.h5,Faith Hill,Unsaveable (Album Version),,sad,2002
TRAWJPF128F42626DB.h5,Suicidal Tendencies,Monopoly On Sorrow,,sad,1992
TRAWNOJ128F4241807.h5,Dark new Day,Free (Album Version),,sad,2005
TRAWODX128F42AC413.h5,Peter Gallagher,Everytime It Rains,,sad,2005
TRAWOHD128F148D176.h5,Rickie Lee Jones,Away From The Sky,,sad,1989
TRAWOPJ128F14661D4.h5,Raze,Celebration (The Plan Album Version),,happy,2000
TRAWPFX128F92E58B5.h5,Bebo Norman,Sunday,,sad,2006
TRAWPKO128F423841E.h5,Van Halen,Runaround (Live Version),,happy,1991
TRAWQSO128F424E2F9.h5,Faith Hill,Red Umbrella (Album Version),,happy,2007
TRAWTUV128F426DD46.h5,Happy Mondays,Grandbag's Funeral,,sad,1990
TRAWUUP12903CEF2F9.h5,Letters To Cleo,Co-Pilot (Album Version),,happy,1997
TRAWVNL128F9327983.h5,Bad Company,Call On Me,,happy,1975
TRAWWIK128E078D19C.h5,Marshall Crenshaw,Rave On (Live 1982),,happy,2000
TRAWWQM128F148C796.h5,Kiss,Every Time I Look At You,,sad,1992
TRAWYNV128F92F5E7E.h5,Guns N' Roses,Catcher In The Rye,,sad,2008
TRAXBTV12903CD8399.h5,Danielle Bollinger,When the Broken Hearted Love Again,,happy,2006
TRAXDBM128E0785BD8.h5,Missy Higgins,The Special Two (Australian Version),,sad,2007
TRAXDRW128F428A030.h5,Dropkick Murphys,The Only Road (Album Version),,sad,2011
TRAXIPO128F14923B2.h5,Carpenters,An Old Fashioned Christmas,,sad,1992
TRAXJBW128E0788652.h5,Sick Of It All,Consume (LP Version),,sad,1994
TRAXJHG128F427EA02.h5,3 Doors Down,Be Like That,,sad,1999
TRAXLIU128E07860D4.h5,DMX,I'ma Bang,,sad,2001
TRAXLPR128F428E466.h5,The White Stripes,A Martyr For My Love For You,,happy,2007
TRAXLZU12903D05F94.h5,Rick Astley,Never Gonna Give You Up,,happy,1987
TRAXOQD12903CDD59D.h5,The Berzerker,Pure Hatred,,sad,2002
TRAXOQP128F930DD49.h5,Mungo Jerry,Pushbike Song,,happy,2001
TRAXQUZ128F42B77BE.h5,Bone Thugs-N-Harmony,Servin' Tha Fiends,,sad,2000
TRAXRSK128F42B44D2.h5,Bad Religion,Infected,,sad,1994
TRAXVGE128E0783F1D.h5,Gwen Stefani,What You Waiting For?,,happy,2004
TRAXWLM128F1453E3B.h5,Juelz Santana,There It Go (The Whistle Song),,happy,2005
TRAYANL128F9316BF9.h5,The Game,Da Shit,,sad,2006
TRAYBTO128F932008B.h5,Jesse Malin,Since You're In Love,,sad,2004
TRAYDXM128F9317358.h5,Franz Ferdinand,No You Girls,,happy,2009
TRAYGHE12903CD213E.h5,The Prodigy,What Evil Lurks,,sad,1991
TRAYICR128F4282520.h5,Kyle Riabko,Doesn't Get Much Better,,happy,2005
TRAYKTU128F934C82A.h5,Y&T,Mean Streak,,sad,1983
TRAYLRS128F427FE81.h5,Scar Symmetry,Abstracted,,sad,2006
TRAYPMR128E0785DD1.h5,Nick Cave & The Bad Seeds,Loverman,,sad,1994
TRAYQKQ128F1491182.h5,Slick Rick,Kill Niggaz,,sad,1999
TRAYQLF128F933B4EF.h5,Rihanna,Breakin' Dishes,,sad,2007
TRAYSMO128F9318E7C.h5,The Fray,Absolute,,sad,2009
TRAYUCR128F92E574F.h5,Santana,Interplanetary Party,,happy,2007
TRAYUEL128F4290B28.h5,Roger Sanchez,Lost,,sad,2006
TRAYYGG128F1483C70.h5,Shawn Colvin,These Four Walls,,sad,2006
TRAZACV128F426983D.h5,Simple Minds,See The Lights (2002 Digital Remaster),,sad,1991
TRAZASM128F932FBEE.h5,Franz Ferdinand,Do You Want To,,happy,2005
TRAZASN128F427DB44.h5,Aswad,Ina Your Rights,,sad,1981
TRAZBBP128E07845D4.h5,Kanye West,School Spirit Skit 2,,happy,2003
TRAZCOT128E0792471.h5,Guns N' Roses,You're Crazy,,happy,1987
TRAZDQQ128F93590E2.h5,Ned Miller,From a Jack To a King,,happy,1963
TRAZDTT128F9346306.h5,The Shangri-Las,Out in the Streets,,happy,1965
TRAZEBG128F1456D2E.h5,MxPx,You Found Me,,happy,1995
TRAZHPR128F931C1E6.h5,Tony Joe White,If I Ever Saw A Good Thing (Album Version),,happy,1973
TRAZHUK128E0789114.h5,Akon,Lonely,,sad,2004
TRAZJGD128F4289D2A.h5,Gym Class Heroes,To Bob Ross With Love (Album Version),,happy,2005
TRAZJLS128F933BC09.h5,Stellar Kart,I Give Up (Album Version),,sad,2008
TRAZJOI12903CDA550.h5,Bon Jovi,The Distance,,happy,2002
TRAZJRY128F92E9CD6.h5,FFH,You And Only You,,happy,2004
TRAZJUH128F934465B.h5,Hanoi Rocks,Mental Beat,,happy,1983
TRAZQET128F42A0449.h5,Phantom Planet,After Hours,,sad,2004
TRAZRXP12903CBD6A9.h5,Vonray,Part Of Me (LP Version),,sad,2003
TRAZSBD128F14A27AB.h5,Dionne Warwick,I've Been Loving You Too Long (LP Version),,happy,1969
TRAZTWI128F424CF73.h5,Michael Stanley Band,He Can't Love you,,happy,1980
TRAZUVU128F42BABF4.h5,Jesse Malin,Broken Radio,,sad,2007
TRAZVMZ128F1476A87.h5,Twila Paris,Come Emmanuel (House Of Worship Album Version),,happy,2003
TRAZVYP128F1459AD9.h5,Leona Naess,Star Signs,,sad,2003
TRAZVZJ128F92EF28A.h5,Set Your Goals,summer jam,,happy,2009
TRAZZIP128F429BF42.h5,Marty Robbins,A Castle In The Sky,,happy,2008
TRBAAGQ128F148D17E.h5,Urge Overkill,Crackbabies,,sad,1993
TRBACUF128F4247F8C.h5,Mint Condition,Call Me,,sad,1999
TRBADTB128F14AE3A4.h5,Erin O'Donnell,You Were The One (Wide Wide World Album Version),,sad,2003
TRBAFJQ128F4259FB5.h5,Annie Lennox,Little Bird,,happy,1992
TRBAGMH128F423A574.h5,Mudhoney,New Meaning,,sad,2008
TRBAHEH128F9327D39.h5,Wyclef Jean,Guantanamera,,happy,1997
TRBAJPA128F933BDBC.h5,LORE,Release,,sad,2006
TRBAKJC128F93399FB.h5,Bukka White,Sleepy Man Blues,,sad,1940
TRBALEH128E078B419.h5,Static-X,Night Terrors (Album Version),,sad,2005
TRBALIJ128F14884B5.h5,Iggy Pop,Main Street Eyes,,sad,1990
TRBALVT128F145B6CB.h5,Billie Jo Spears,Misty Blue,,sad,1976
TRBAOTY128F9327A9C.h5,Jennifer Lopez,Still,,sad,2002
TRBAOXY128F933D3C8.h5,Sister Hazel,Vacation Rain (Album),,happy,2010
TRBAPZQ128F4240B93.h5,Justin Timberlake,Love Don't Love Me (Justin Timberlake) (Amended Version),,happy,2003
TRBARSX12903D03AE5.h5,Sade,Morning Bird,,sad,2010
TRBAUBI128F424142E.h5,Slipknot,Skin Ticket (Live version) (Album Version),,sad,2001
TRBAWKB128F931BAEE.h5,Owl City,On The Wing,,happy,2008
TRBAWQK128F42743A9.h5,Keb' Mo',The Door,,sad,2000
TRBAZFD12903CB641D.h5,Brooke White,Hold Up My Heart,,happy,2009
TRBAZRP128F934BC71.h5,The Ocean,Eoarchaean,,sad,2007
TRBBAHD128F428E0FE.h5,Tones On Tail,Burning Skies,,sad,1987
TRBBDAH128F92E625E.h5,City High,What Would You Do?,,sad,2001
TRBBEGG128F9314BAA.h5,Martina McBride,Heart Trouble,,sad,1993
TRBBEHB128E0784F71.h5,Reach 454,6 Yrs (Album Version ),,sad,2003
TRBBHPQ128F145A7F8.h5,John Mellencamp,Down And Out In Paradise,,happy,1987
TRBBIBE128F4226E29.h5,Soulwax,Kill Your Darlings,,sad,1996
TRBBJBO128F92EB2C5.h5,Every Time I Die,Your Touch Versus Death,,sad,2000
TRBBJVE128F9303F10.h5,The Killers,A White Demon Love Song (Soundtrack Album Version),,sad,2009
TRBBOBO128F425FDFC.h5,DeGarmo & Key,Jericho  (Straight On Album Version),,sad,1979
TRBBQFV128F4252EFF.h5,Jack Johnson,Adrift,,sad,2008
TRBBQJZ128F92C5AF2.h5,Blue Rodeo,Fools Like You,,sad,1992
TRBBQPP128F92EE611.h5,Bob Marley & The Wailers,Three Little Birds,,happy,2007
TRBBRQE12903C9E587.h5,New York Dolls,Trash (live Paris),,sad,2000
TRBBUCK128F42AFAD6.h5,Kool Moe Dee,Death Blow,,sad,1991
TRBBVNR128E078E1E4.h5,Black Eyed Peas,Tell Your Momma Come,,happy,2000
TRBBVSO128F9341C12.h5,Martina McBride,Anything's Better Than Feelin' The Blues,,sad,1999
TRBBXEG128F424EC2C.h5,April Wine,Babes In Arms,,sad,1979
TRBBXSE128F42798F6.h5,Mariah Carey,Honey,,happy,1997
TRBBYOI128F4256732.h5,Black Flag,Out Of This World,,sad,1985
TRBBZQM128F931A529.h5,Neil Diamond,Song Sung Blue,,happy,1972
TRBCANP128F92FA6B9.h5,Evanescence,Good Enough,,sad,2006
TRBCBXZ128F14628C3.h5,Lighthouse Family,Ocean Drive,,happy,1995
TRBCDCS128F422F0CF.h5,Hatebreed,Mark My Words (Album Version),,sad,1997
TRBCDHQ128F92F9AE8.h5,Small Faces,Itchycoo Park,,happy,1967
TRBCFPP128E0781D6F.h5,The Rolling Stones,Stop Breaking Down (1994 Digital Remaster),,happy,1972
TRBCIDX128F422F215.h5,Taking Back Sunday,I Am Fred Astaire (Album Version),,happy,2004
TRBCJQH128F1497A7B.h5,Cindy Morgan,I Will Be Free (LP Version),,sad,2007
TRBCJSZ128E07969B5.h5,Coldplay,The World Turned Upside Down,,sad,2005
TRBCMJT128F14B12CC.h5,Deftones,Korea (LP Version),,sad,2000
TRBCPTO12903CBBFD9.h5,4Him,He Never Changes,,happy,1991
TRBCRCV128F933860B.h5,Tammy Wynette,It Is No Secret (What God Can Do),,happy,1969
TRBCSTN12903D13548.h5,Billie Jo Spears,'57 Chevrolet,,happy,1990
TRBCSZQ128F92F9043.h5,White Heart,Speed Of Sound (Emergency Broadcast Album Version),,happy,2005
TRBCUPT128F1462B73.h5,Thrice,All That's Left,,sad,2003
TRBCWYJ128F93213A1.h5,Eleanor McEvoy,Easy To Lose Hope,,sad,1999
TRBDBJM128F1456D2D.h5,MxPx,Drum Machine Joy,,sad,1995
TRBDBOI128E07817D7.h5,Electric Light Orchestra,Queen Of The Hours (2001 Digital Remaster),,sad,1971
TRBDENB128F42B7798.h5,Bone Thugs-N-Harmony,2 Glocks,,sad,2000
TRBDHKL128F426BE45.h5,Rihanna,Good Girl Gone Bad,,sad,2007
TRBDIBC12903CE95C2.h5,Nick Cave & The Bad Seeds,Christina The Astonishing (2010 Digital Remaster),,sad,1992
TRBDJNF12903CE6967.h5,Melissa Auf der Maur,The Key,,sad,2010
TRBDMDS128F930B8F1.h5,System of a Down,Streamline,,sad,2001
TRBDNZI128F14A9065.h5,Foghat,Zig-Zag Walk,,happy,1983
TRBDRFM128F9301DAD.h5,The Winans,The Question Is (Album Version),,sad,1981
TRBDSLA128F4288246.h5,Toni Braxton,Best Friend,,sad,1993
TRBDSXN128F4293DA9.h5,Republica,Pub Pusher,,sad,1998
TRBDTZX128F92DFA66.h5,Jars Of Clay,Don't Stop,,happy,2009
TRBDUSM128F9339A13.h5,Maximilian Hecker,Let Me Out,,sad,2001
TRBDVZL128F92F579F.h5,Dickies,Pretty Please Me,,happy,1983
TRBDWDQ128F1455787.h5,3 Doors Down,Here Without You,,sad,2002
TRBDWLE128F42B3112.h5,Barry Manilow,This One's For You,,sad,1976
TRBDXVN128F42334DD.h5,Busta Rhymes,When Disaster Strikes (Explicit LP Version),,sad,1997
TRBDYHX128F14ADE2B.h5,Josh Turner,Softly And Tenderly,,sad,2004
TRBDYIC128F92F1D17.h5,Slum Village,CB4,,sad,2000
TRBEACH128EF341C45.h5,Simply Red,So Not Over You (Motivo-Pop Lectro Mix),,sad,2007
TRBEATE128E078F0D8.h5,Bon Jovi,Only Lonely,,sad,1985
TRBECKU128F428B08A.h5,Erick Sermon,I'm Hot,,happy,2001
TRBECNW128F426BE82.h5,Mariah Carey,Touch My Body,,happy,2008
TRBEELS128F42B63A8.h5,Arc Angels,Sent By Angels,,happy,1992
TRBEIAM12903CF4476.h5,Randy Travis,Don't Take Your Love Away From Me (Album Version),,sad,1996
TRBEIBI12903CBD2B6.h5,Bryan White,Love Happens Just Like That (LP Version),,happy,1999
TRBEIBI12903CC4C7B.h5,The Roches,Losing True (Album Version),,sad,1982
TRBEKMX128F92D7B75.h5,Guns N' Roses,Sweet Child O' Mine,,happy,1987
TRBENDH128F1467D62.h5,Devo,Be Stiff (Live),,happy,1993
TRBEOSC128F426AB23.h5,System of a Down,War?,,sad,1996
TRBEOUP12903CF652E.h5,Joe Bonamassa,So Many Roads,,sad,2006
TRBEVII12903CA1A06.h5,Blind Willie Johnson,John the Revelator,,sad,1991
TRBEYDS128F148C563.h5,Erick Sermon,Erick Sermon,,happy,1993
TRBEYVD12903CE3DE9.h5,Pepper,Point And Shoot (Demo),,happy,2007
TRBFAKP128F148B600.h5,Blackfoot,Heart's Grown Cold (LP Version),,happy,1983
TRBFBOG128F9356C6E.h5,EPMD,Head Banger,,sad,1992
TRBFHQG128F93092E5.h5,Donnie McClurkin,Psalm 27,,happy,2000
TRBFHRA128F424D28A.h5,Bessie Smith,Chicago Bound Blues,,sad,1991
TRBFHSR128F1472A36.h5,Talking Heads,Papa Legba (2005 Digital Remaster),,sad,1986
TRBFIHG128F4289CF9.h5,The Ataris,Make It Last,,sad,1997
TRBFIUJ12903CFEB7C.h5,Winds Of Plague,Origins And Endings,,sad,2008
TRBFJGB128F42612B1.h5,Brooke Valentine,American Girl,,happy,2005
TRBFKMN128F4286D1B.h5,Behemoth,Malice,,sad,2000
TRBFLER128F148C52B.h5,The Mighty Mighty Bosstones,Pictures To Prove It,,sad,1994
TRBFMAS128E078F352.h5,The Cardigans,Marvel Hill,,sad,1998
TRBFMGQ128F931E0A0.h5,Kenny Rogers,Love Is What We Make It,,happy,1999
TRBFNDW128F9359ECE.h5,Mississippi John Hurt,Coffee Blues,,happy,1966
TRBFPCL128F1481F2A.h5,Robert Palmer,Man Smart Woman Smarter,,happy,1992
TRBFPRL128F14569B9.h5,Leona Naess,Paper Thin,,sad,2000
TRBFSNP128F14572B5.h5,Vixen,One Night Alone,,happy,1988
TRBFVMO128F14537D3.h5,Gorillaz,All Alone (Live),,sad,2005
TRBFVZI128F147FCAF.h5,Phil Collins,Please Come Out Tonight,,sad,1993
TRBFWSP128F92F29B4.h5,Warrant,Bed Of Roses,,happy,1990
TRBFWYX128F145F889.h5,Lil Wayne,Fly Talkin',,sad,2002
TRBGAWQ128F9305F25.h5,Seventh Day Slumber,Famous One,,happy,2009
TRBGBGO128F4264203.h5,Firehouse,Talk Of The Town,,happy,1992
TRBGBUY128F422B413.h5,Casiotone For The Painfully Alone,Attic Room,,sad,2003
TRBGCAK128F425F3CC.h5,The Prodigy,Firestarter,,sad,1996
TRBGCLK128F4237A50.h5,Phil Collins,Testify,,sad,2002
TRBGCUP12903CCFE38.h5,Adam Ant,Mohair Locker Room Pin-Up Boys,,happy,1998
TRBGDQS128F9341414.h5,Gary Go,Open Arms,,sad,2009
TRBGDXT128F1487E86.h5,He Is Legend,Stampede,,sad,2006
TRBGEGB128F9345BD0.h5,Cece Winans,Come On Back Home,,sad,1998
TRBGGBF128F425E4D1.h5,bel canto,Rumour (Abstract Hip Hop Mix),,happy,1996
TRBGGOS128F9307FC5.h5,Remy Shand,The Second One,,happy,2002
TRBGHRA128F42B90E6.h5,The Cardigans,Explode,,sad,1998
TRBGJDW128F4292EDB.h5,Alicia Keys,Karma,,sad,2003
TRBGKZD12903D13D23.h5,Ned Miller,From A Jack To A King,,happy,1963
TRBGLSW12903CE3D8A.h5,Grandmaster Flash,Underarms,,happy,1987
TRBGMJF128F425E8EA.h5,30 Seconds To Mars,End Of The Beginning,,sad,2002
TRBGNNC128F148D427.h5,EPMD,For My People,,sad,1990
TRBGNUG128F92D43E2.h5,Naughty By Nature,Ring The Alarm,,sad,1999
TRBGOAU128F4255BDA.h5,Janet Jackson,Again (Instrumental),,sad,1993
TRBGODE128E0785BC8.h5,Ben Jelen,Come On (Sessions@AOL Version),,sad,2004
TRBGPCC128F428FF02.h5,Suicidal Tendencies,Looking In Your Eyes,,sad,1987
TRBGPWE128F421CCB4.h5,Roger Creager,All For The Sake Of The Song,,sad,2003
TRBGRIP128F147FCA6.h5,Phil Collins,Everyday,,sad,1993
TRBGULP128F422F290.h5,Silverstein,Defend You (Album Version),,sad,2005
TRBGWGD128F42418B2.h5,Life In Your Way,When Rules Change,,happy,2005
TRBGWVI128E0788AE7.h5,22-20s,Hold On,,sad,2004
TRBGXHJ128F93302C7.h5,FFH,Listen,,sad,2005
TRBGYDZ12903D075D4.h5,Patty Griffin,All Creatures Of Our God And King,,happy,2010
TRBGYVK128F426A0D6.h5,Joey Negro,Make A Move On Me,,happy,2005
TRBGZKO128F92DB016.h5,Bloc Party,Zephyrus,,sad,2008
TRBHAUR128F147481A.h5,Atreyu,Shameful (LP Version),,sad,2006
TRBHBGB128F931E4CF.h5,Hall & Oates,Fall in Philadelphia,,sad,1972
TRBHCQA128F149F192.h5,Jimmy Wayne,She Runs,,happy,2003
TRBHEBY128F148CF2B.h5,Sister Hazel,Concede,,sad,1997
TRBHFTL128F933AF4E.h5,Basement Jaxx,Feelings Gone (feat. Sam Sparro) (Joachim Garraud Remix),,sad,2009
TRBHGUK128E078E031.h5,Jesus Jones,Yellow Brown,,sad,1993
TRBHIRB128F1452ACC.h5,Deftones,No Ordinary Love (Remastered LP Version),,sad,2005
TRBHJAY128F14A9061.h5,Foghat,Dead End Street,,happy,1980
TRBHJLT128F1460832.h5,UFO,Cherry,,happy,1978
TRBHJPQ128E078ED8F.h5,Queens Of The Stone Age,Everybody's Gonna Be Happy,,happy,2002
TRBHJUJ128F92EBE24.h5,George Harrison,All Things Must Pass (2009 Digital Remaster),,sad,1970
TRBHKCL128F425A036.h5,George Michael,Shoot The Dog,,happy,2004
TRBHKKK128F427E9FF.h5,3 Doors Down,Better Life,,sad,2007
TRBHKXX128F4252D02.h5,Radiohead,Everything In Its Right Place,,sad,2000
TRBHLGE128F42A64E5.h5,Talib Kweli,Everything Man (Album Version),,sad,2007
TRBHNUB12903CC2475.h5,Open Hand,Tough Guy,,sad,2004
TRBHORY128F148D422.h5,EPMD,I'm Mad,,sad,1990
TRBHOXV128F92FBB72.h5,Eddy Arnold,Molly Darling,,happy,1956
TRBHQAU128F9316C04.h5,The Game,Scream On Em,,sad,2006
TRBHQHN128F148A1B3.h5,Dinosaur Jr,Green Mind,,sad,1991
TRBHSJX128F42BAE98.h5,Jesse Malin,Harmony,,sad,2008
TRBHUPU128F4230F81.h5,Wednesday 13,Haunt Me (Album Version),,sad,2005
TRBHUVB128F148ADB8.h5,Darryl Worley,Where You Think You're Goin'?,,sad,2002
TRBHVLH128F92F2369.h5,Sandi Thom,When Horsepower Meant What It Said,,happy,2006
TRBHYAU128F9334703.h5,Chimaira,Army Of Me (Album Version),,sad,2003
TRBHZNF128F14989FE.h5,The Ronettes,(The Best Part Of) Breakin' Up,,happy,1964
TRBHZUN12903CA60F7.h5,Charlotte Gainsbourg,IRM,,sad,2009
TRBHZYO128E07862BE.h5,DMX,Look Thru My Eyes,,sad,1998
TRBIAHA128F42A4C9B.h5,Public Image Ltd,This Is Not A Love Song,,happy,1983
TRBIAVP12903CEDA19.h5,Joe Bonamassa,I Know A Place,,sad,2010
TRBIAVU128EF3493BA.h5,Asleep At The Wheel,The Letter That Johnny Walker Read,,sad,2002
TRBIBAQ128F93279F5.h5,Bad Company,Crazy Circles,,happy,1979
TRBIBGN128F42ADC66.h5,Phantom Planet,The Meantime,,happy,2004
TRBIBLJ12903CCF436.h5,Madonna,Papa Don't Preach,,sad,1986
TRBIBTE128E078E882.h5,The Jam,Start!,,sad,1980
TRBIBVM128F4262E9D.h5,Drop Dead_ Gorgeous,Are You Happy (Album Version),,sad,2006
TRBICGT128E0792473.h5,Guns N' Roses,Patience,,sad,1988
TRBICRP128F42882BB.h5,Dungeon Family,Follow The Light,,sad,2001
TRBICVB128F9326B65.h5,Strata,Night Falls (The Weight Of It),,sad,2007
TRBIDUK128F42806A4.h5,Tampa Red,No Matter How She Done It,,happy,1974
TRBIEIZ128F148D778.h5,Kanye West,Diamonds From Sierra Leone,,happy,2005
TRBIFGK128F92F23A2.h5,The Killers,A Dustland Fairytale,,sad,2008
TRBIFUV12903D07374.h5,Minnie Riperton,Lovin' You,,happy,1974
TRBIFWB128F1460D8C.h5,Mötley Crüe,Merry-Go-Round,,happy,1981
TRBIGGV12903CABC77.h5,4Him,Strange Way To Save The World,,happy,2000
TRBIGRU128F145B139.h5,Alias,Standing In The Darkness,,happy,1990
TRBIGRY128F42597B3.h5,Sade,All About Our Love,,sad,2000
TRBIIEU128F9307C88.h5,New Found Glory,Don't Let Her Pull You Down,,happy,2009
TRBIIJY12903CE4755.h5,Mindy McCready,Ten Thousand Angels,,happy,1996
TRBIIOT128F423C594.h5,Joy Division,Leaders Of Men,,sad,1978
TRBIJYB128F14AE326.h5,Seventh Day Slumber,Shattered Life,,sad,2005